<?xml version="1.0" encoding="utf-8" ?><dwsync><file name="motor.js" server="Produccion_D/prototipo/" local="3447070626" remote="318763443839967138" Dst="-1" /><file name="opciones.js" server="Produccion_D/prototipo/" local="3448656448" remote="318763443841552960" Dst="-1" /><file name="mando.js" server="Produccion_D/prototipo/" local="3448563126" remote="318763443841459638" Dst="-1" /><file name="menuSpanish.js" server="Produccion_D/prototipo/" local="3448562386" remote="318763443841458898" Dst="-1" /><file name="jquery-ui-1.7.2.custom.min.js" server="Produccion_D/prototipo/" local="3447070628" remote="318763443839967140" Dst="-1" /><file name="calendar.js" server="Produccion_D/prototipo/" local="3448916062" remote="318763443841812574" Dst="-1" /><file name="opciones2.js" server="Produccion_D/prototipo/" local="3447070626" remote="318763443839967138" Dst="-1" /><file name="jquery.jcarousel.min.js" server="Produccion_D/prototipo/" local="3447070626" remote="318763443839967138" Dst="-1" /><file name="jquery-ui.js" server="Produccion_D/prototipo/" local="3447070628" remote="318763443839967140" Dst="-1" /></dwsync>