<?xml version="1.0" encoding="utf-8" ?><dwsync><file name="otras_cuentas.html" server="Produccion_D/prototipo/" local="3448913516" remote="318763443841810028" Dst="-1" /><file name="confirma_alta_otras_cuentas_banamex.html" server="Produccion_D/prototipo/" local="3448913266" remote="318763443841809778" Dst="-1" /><file name="confirma_alta_otras_cuentas_otrobanco.html" server="Produccion_D/prototipo/" local="3448907123" remote="318763443841803635" Dst="-1" /><file name="Untitled-1.html" server="Produccion_D/prototipo/" local="3447070656" remote="318763443839967168" Dst="-1" /><file name="Telmex02.htm" server="Produccion_D/prototipo/" local="3447070656" remote="318763443839967168" Dst="-1" /><file name="Telcel03.htm" server="Produccion_D/prototipo/" local="3447070656" remote="318763443839967168" Dst="-1" /><file name="SKY09.htm" server="Produccion_D/prototipo/" local="3447070656" remote="318763443839967168" Dst="-1" /><file name="resultado_tarjetas_otrosbancosydep.html" server="Produccion_D/prototipo/" local="3448907607" remote="318763443841804119" Dst="-1" /><file name="resultado_tarjetas_ordenespago.html" server="Produccion_D/prototipo/" local="3447070656" remote="318763443839967168" Dst="-1" /><file name="resultado_alta_otras_cuentas_banamex.html" server="Produccion_D/prototipo/" local="3447070656" remote="318763443839967168" Dst="-1" /><file name="Nextel06.htm" server="Produccion_D/prototipo/" local="3447070656" remote="318763443839967168" Dst="-1" /><file name="Megacable10.htm" server="Produccion_D/prototipo/" local="3447070656" remote="318763443839967168" Dst="-1" /><file name="Maxcom07.htm" server="Produccion_D/prototipo/" local="3447070658" remote="318763443839967170" Dst="-1" /><file name="DGF11.htm" server="Produccion_D/prototipo/" local="3447070658" remote="318763443839967170" Dst="-1" /><file name="confirma_tarjetas_otrosbancosydep.html" server="Produccion_D/prototipo/" local="3447070656" remote="318763443839967168" Dst="-1" /><file name="confirma_tarjetas_ordenespago.html" server="Produccion_D/prototipo/" local="3448907353" remote="318763443841803865" Dst="-1" /><file name="challenge.htm" server="Produccion_D/prototipo/" local="3447070656" remote="318763443839967168" Dst="-1" /><file name="CFE12.htm" server="Produccion_D/prototipo/" local="3447070658" remote="318763443839967170" Dst="-1" /><file name="Cablevision09.htm" server="Produccion_D/prototipo/" local="3448907285" remote="318763443841803797" Dst="-1" /><file name="Axtel05.htm" server="Produccion_D/prototipo/" local="3447070658" remote="318763443839967170" Dst="-1" /><file name="Avantel01.htm" server="Produccion_D/prototipo/" local="3447070658" remote="318763443839967170" Dst="-1" /><file name="Att04.htm" server="Produccion_D/prototipo/" local="3447070658" remote="318763443839967170" Dst="-1" /></dwsync>