<?xml version="1.0" encoding="utf-8" ?><dwsync><file name="fondos_horizonte.html" server="Produccion_D/prototipo/" local="3448650135" remote="318763443841546647" Dst="-1" /><file name="confirma_venta_liquidez_diaria.html" server="Produccion_D/prototipo/" local="3448650123" remote="318763443841546635" Dst="-1" /><file name="confirma_venta_de_titulos.html" server="Produccion_D/prototipo/" local="3448650110" remote="318763443841546622" Dst="-1" /><file name="confirma_compra_liquidez_diaria.html" server="Produccion_D/prototipo/" local="3448650099" remote="318763443841546611" Dst="-1" /><file name="confirma_compra_de_titulos.html" server="Produccion_D/prototipo/" local="3448650089" remote="318763443841546601" Dst="-1" /><file name="aplica_venta_liquidez_diaria.html" server="Produccion_D/prototipo/" local="3448650071" remote="318763443841546583" Dst="-1" /><file name="aplica_venta_de_titulos.html" server="Produccion_D/prototipo/" local="3448650059" remote="318763443841546571" Dst="-1" /><file name="aplica_compra_liquidez_diaria.html" server="Produccion_D/prototipo/" local="3448650051" remote="318763443841546563" Dst="-1" /><file name="aplica_compra_de_titulos.html" server="Produccion_D/prototipo/" local="3448650014" remote="318763443841546526" Dst="-1" /></dwsync>