<?xml version="1.0" encoding="utf-8" ?><dwsync><file name="bg2.gif" server="Produccion_D/prototipo/" local="3447070608" remote="318763443839967120" Dst="-1" /><file name="SpriteLogIn.gif" server="Produccion_D/prototipo/" local="3447070612" remote="318763443839967124" Dst="-1" /><file name="bg1.gif" server="Produccion_D/prototipo/" local="3447070608" remote="318763443839967120" Dst="-1" /><file name="marco.gif" server="Produccion_D/prototipo/" local="3447070598" remote="318763443839967110" Dst="-1" /><file name="hoja_flechas.gif" server="Produccion_D/prototipo/" local="3447070602" remote="318763443839967114" Dst="-1" /><file name="icoExp2h.gif" server="Produccion_D/prototipo/" local="3447070602" remote="318763443839967114" Dst="-1" /><file name="icoExp1.gif" server="Produccion_D/prototipo/" local="3447070602" remote="318763443839967114" Dst="-1" /><file name="icoExp1h.gif" server="Produccion_D/prototipo/" local="3447070602" remote="318763443839967114" Dst="-1" /><file name="exclama.gif" server="Produccion_D/prototipo/" local="3447070604" remote="318763443839967116" Dst="-1" /><file name="btnaz45.gif" server="Produccion_D/prototipo/" local="3447070606" remote="318763443839967118" Dst="-1" /><file name="icono1.gif" server="Produccion_D/prototipo/" local="3447070600" remote="318763443839967112" Dst="-1" /><file name="icono1_h.gif" server="Produccion_D/prototipo/" local="3447070600" remote="318763443839967112" Dst="-1" /><file name="icono2.gif" server="Produccion_D/prototipo/" local="3447070600" remote="318763443839967112" Dst="-1" /><file name="icono2_h.gif" server="Produccion_D/prototipo/" local="3447070600" remote="318763443839967112" Dst="-1" /><file name="bloques.gif" server="Produccion_D/prototipo/" local="3447070608" remote="318763443839967120" Dst="-1" /><file name="bloquesDis.gif" server="Produccion_D/prototipo/" local="3447070608" remote="318763443839967120" Dst="-1" /><file name="select_up.gif" server="Produccion_D/prototipo/" local="3447070592" remote="318763443839967104" Dst="-1" /><file name="select_down.gif" server="Produccion_D/prototipo/" local="3447070592" remote="318763443839967104" Dst="-1" /><file name="select_up_over.gif" server="Produccion_D/prototipo/" local="3447070592" remote="318763443839967104" Dst="-1" /><file name="select_down_over.gif" server="Produccion_D/prototipo/" local="3447070592" remote="318763443839967104" Dst="-1" /><file name="btnaz135.gif" server="Produccion_D/prototipo/" local="3447070606" remote="318763443839967118" Dst="-1" /><file name="bloques_86_des.gif" server="Produccion_D/prototipo/" local="3447070606" remote="318763443839967118" Dst="-1" /><file name="applet.png" server="Produccion_D/prototipo/" local="3447070612" remote="318763443839967124" Dst="-1" /><file name="tooltip.gif" server="Produccion_D/prototipo/" local="3447070592" remote="318763443839967104" Dst="-1" /><file name="p_tooltip.gif" server="Produccion_D/prototipo/" local="3447070596" remote="318763443839967108" Dst="-1" /><file name="p_tooltip2.gif" server="Produccion_D/prototipo/" local="3447070596" remote="318763443839967108" Dst="-1" /><file name="icono3.gif" server="Produccion_D/prototipo/" local="3447070600" remote="318763443839967112" Dst="-1" /><file name="bannerLeft.gif" server="Produccion_D/prototipo/" local="3447070608" remote="318763443839967120" Dst="-1" /><file name="bannerCenter.gif" server="Produccion_D/prototipo/" local="3447070610" remote="318763443839967122" Dst="-1" /><file name="bannerRight.gif" server="Produccion_D/prototipo/" local="3447070608" remote="318763443839967120" Dst="-1" /><file name="tab_close.gif" server="Produccion_D/prototipo/" local="3447070592" remote="318763443839967104" Dst="-1" /><file name="tab_open.gif" server="Produccion_D/prototipo/" local="3447070592" remote="318763443839967104" Dst="-1" /><file name="icoError1.gif" server="Produccion_D/prototipo/" local="3447070602" remote="318763443839967114" Dst="-1" /><file name="btngris134.gif" server="Produccion_D/prototipo/" local="3447070606" remote="318763443839967118" Dst="-1" /><file name="right_EFF8FF_bDEDE.gif" server="Produccion_D/prototipo/" local="3447070594" remote="318763443839967106" Dst="-1" /><file name="LogoBanamex.gif" server="Produccion_D/prototipo/" local="3447070612" remote="318763443839967124" Dst="-1" /><file name="banner1_imp.gif" server="Produccion_D/prototipo/" local="3447070610" remote="318763443839967122" Dst="-1" /><file name="banner2_imp.gif" server="Produccion_D/prototipo/" local="3447070610" remote="318763443839967122" Dst="-1" /><file name="btn_des.gif" server="Produccion_D/prototipo/" local="3447070606" remote="318763443839967118" Dst="-1" /><file name="btnaz144.gif" server="Produccion_D/prototipo/" local="3447070606" remote="318763443839967118" Dst="-1" /><file name="btnrj144.gif" server="Produccion_D/prototipo/" local="3447070606" remote="318763443839967118" Dst="-1" /><file name="ptool.png" server="Produccion_D/prototipo/" local="3447070594" remote="318763443839967106" Dst="-1" /><file name="detalle_tarjeta.gif" server="Produccion_D/prototipo/" local="3447070604" remote="318763443839967116" Dst="-1" /><file name="btnmdl4a.jpg" server="Produccion_D/prototipo/" local="3447070606" remote="318763443839967118" Dst="-1" /><file name="sinres.jpg" server="Produccion_D/prototipo/" local="3447070592" remote="318763443839967104" Dst="-1" /><file name="flechabajogris.gif" server="Produccion_D/prototipo/" local="3447070602" remote="318763443839967114" Dst="-1" /><file name="ui-bg_glass_65_FFAD7F_1x400.gif" server="Produccion_D/prototipo/" local="3447070590" remote="318763443839967102" Dst="-1" /><file name="ui-bg_inset-soft_95_fef1ec_1x100.gif" server="Produccion_D/prototipo/" local="3447070590" remote="318763443839967102" Dst="-1" /><file name="ui-icons.gif" server="Produccion_D/prototipo/" local="3447070590" remote="318763443839967102" Dst="-1" /><file name="ui-bg_flat_0_aaaaaa_40x100.gif" server="Produccion_D/prototipo/" local="3447070590" remote="318763443839967102" Dst="-1" /><file name="carrusel_interno.gif" server="Produccion_D/prototipo/" local="3447070606" remote="318763443839967118" Dst="-1" /><file name="p-tooltip.gif" server="Produccion_D/prototipo/" local="3447070596" remote="318763443839967108" Dst="-1" /><file name="menu3n_bg2.gif" server="Produccion_D/prototipo/" local="3447070598" remote="318763443839967110" Dst="-1" /><file name="menu3n_bg1h.gif" server="Produccion_D/prototipo/" local="3447070598" remote="318763443839967110" Dst="-1" /><file name="Notificaciones.gif" server="Produccion_D/prototipo/" local="3447070612" remote="318763443839967124" Dst="-1" /><file name="Horizontes.gif" server="Produccion_D/prototipo/" local="3447070614" remote="318763443839967126" Dst="-1" /><file name="nota.gif" server="Produccion_D/prototipo/" local="3447070596" remote="318763443839967108" Dst="-1" /><file name="esqnota.gif" server="Produccion_D/prototipo/" local="3447070604" remote="318763443839967116" Dst="-1" /><file name="preg.gif" server="Produccion_D/prototipo/" local="3447070594" remote="318763443839967106" Dst="-1" /><file name="preloader4.gif" server="Produccion_D/prototipo/" local="3447070594" remote="318763443839967106" Dst="-1" /><file name="calendar.gif" server="Produccion_D/prototipo/" local="3447070606" remote="318763443839967118" Dst="-1" /></dwsync>