<?xml version="1.0" encoding="utf-8" ?><dwsync><file name="Domiciliacion.html" server="Produccion_D/prototipo/" local="3448912224" remote="318763443841808736" Dst="-1" /><file name="ver_Historial.html" server="Produccion_D/prototipo/" local="3448913657" remote="318763443841810169" Dst="-1" /><file name="solicitud_pago_telmex.html" server="Produccion_D/prototipo/" local="3448912750" remote="318763443841809262" Dst="-1" /><file name="solicitud_pago_telcel.html" server="Produccion_D/prototipo/" local="3448913615" remote="318763443841810127" Dst="-1" /><file name="solicitud_pago_GMAC.html" server="Produccion_D/prototipo/" local="3448912674" remote="318763443841809186" Dst="-1" /><file name="solicitud_CFE.html" server="Produccion_D/prototipo/" local="3448915168" remote="318763443841811680" Dst="-1" /><file name="solicitud_afore_banamex.html" server="Produccion_D/prototipo/" local="3448913529" remote="318763443841810041" Dst="-1" /><file name="modificar.html" server="Produccion_D/prototipo/" local="3448912572" remote="318763443841809084" Dst="-1" /><file name="modificacion_pagos_domiciliados.html" server="Produccion_D/prototipo/" local="3448912548" remote="318763443841809060" Dst="-1" /><file name="domiciliar_Pago.html" server="Produccion_D/prototipo/" local="3448914802" remote="318763443841811314" Dst="-1" /><file name="contrato_telmex.html" server="Produccion_D/prototipo/" local="3448913386" remote="318763443841809898" Dst="-1" /><file name="contrato_telcel.html" server="Produccion_D/prototipo/" local="3448913310" remote="318763443841809822" Dst="-1" /><file name="contrato_GMAC.html" server="Produccion_D/prototipo/" local="3448913289" remote="318763443841809801" Dst="-1" /><file name="contrato_CFE.html" server="Produccion_D/prototipo/" local="3448913272" remote="318763443841809784" Dst="-1" /><file name="contrato_afore_banamex.html" server="Produccion_D/prototipo/" local="3448912325" remote="318763443841808837" Dst="-1" /><file name="confirma_pago_telmex.html" server="Produccion_D/prototipo/" local="3448913237" remote="318763443841809749" Dst="-1" /><file name="confirma_pago_telcel.html" server="Produccion_D/prototipo/" local="3448913194" remote="318763443841809706" Dst="-1" /><file name="confirma_pago_GMAC.html" server="Produccion_D/prototipo/" local="3448912074" remote="318763443841808586" Dst="-1" /><file name="confirma_pago_CFE.html" server="Produccion_D/prototipo/" local="3448913141" remote="318763443841809653" Dst="-1" /><file name="confirma_pago_afore_banamex.html" server="Produccion_D/prototipo/" local="3448913120" remote="318763443841809632" Dst="-1" /><file name="confirma_modificacion_pagos_domiciliados.html" server="Produccion_D/prototipo/" local="3448913099" remote="318763443841809611" Dst="-1" /><file name="confirma_dar_de_Baja.html" server="Produccion_D/prototipo/" local="3448913070" remote="318763443841809582" Dst="-1" /><file name="challenge.htm" server="Produccion_D/prototipo/" local="3447070676" remote="318763443839967188" Dst="-1" /><file name="aplicar_dar_de_baja.html" server="Produccion_D/prototipo/" local="3448913035" remote="318763443841809547" Dst="-1" /><file name="aplica_pago_telmex.html" server="Produccion_D/prototipo/" local="3448911567" remote="318763443841808079" Dst="-1" /><file name="aplica_pago_telcel.html" server="Produccion_D/prototipo/" local="3448912982" remote="318763443841809494" Dst="-1" /><file name="aplica_pago_GMAC.html" server="Produccion_D/prototipo/" local="3448912969" remote="318763443841809481" Dst="-1" /><file name="aplica_pago_CFE.html" server="Produccion_D/prototipo/" local="3448912956" remote="318763443841809468" Dst="-1" /><file name="aplica_pago_afore_banamex.html" server="Produccion_D/prototipo/" local="3448912934" remote="318763443841809446" Dst="-1" /><file name="aplica_modificacion_pagos_domiciliados.html" server="Produccion_D/prototipo/" local="3448912910" remote="318763443841809422" Dst="-1" /></dwsync>