<?xml version="1.0" encoding="utf-8" ?><dwsync><file name="deposito_plazo_decrementos.html" server="Produccion_D/prototipo/" local="3448637865" remote="318763443841534377" Dst="-1" /><file name="deposito_plazo_apertura.html" server="Produccion_D/prototipo/" local="3448637876" remote="318763443841534388" Dst="-1" /><file name="deposito_plazo.html" server="Produccion_D/prototipo/" local="3448637885" remote="318763443841534397" Dst="-1" /><file name="Copy of deposito_plazo_decrementos.html" server="Produccion_D/prototipo/" local="3448637891" remote="318763443841534403" Dst="-1" /><file name="Copy of deposito_plazo_apertura.html" server="Produccion_D/prototipo/" local="3448637901" remote="318763443841534413" Dst="-1" /><file name="confirma_decremento_importe_retirar.html" server="Produccion_D/prototipo/" local="3448637908" remote="318763443841534420" Dst="-1" /><file name="conf_decremento_retirar_importe_total.html" server="Produccion_D/prototipo/" local="3448637916" remote="318763443841534428" Dst="-1" /><file name="conf_decremento_importe_retirar.html" server="Produccion_D/prototipo/" local="3448637924" remote="318763443841534436" Dst="-1" /><file name="conf_aperincremento_invertir_pagare_MN.html" server="Produccion_D/prototipo/" local="3448637930" remote="318763443841534442" Dst="-1" /><file name="conf_aper_incremento_numero_inversion.html" server="Produccion_D/prototipo/" local="3448637936" remote="318763443841534448" Dst="-1" /><file name="conf_aper_incremento_invertir_nuevo_plazo.html" server="Produccion_D/prototipo/" local="3448637942" remote="318763443841534454" Dst="-1" /><file name="challenge.htm" server="Produccion_D/prototipo/" local="3447070682" remote="318763443839967194" Dst="-1" /><file name="aplica_decremento_retirar_importe_total.html" server="Produccion_D/prototipo/" local="3448637951" remote="318763443841534463" Dst="-1" /><file name="aplica_decremento_importe_retirar.html" server="Produccion_D/prototipo/" local="3448637959" remote="318763443841534471" Dst="-1" /><file name="aplica_aperincremento_invertir_pagare_MN.html" server="Produccion_D/prototipo/" local="3448637964" remote="318763443841534476" Dst="-1" /><file name="aplica_aper_incremento_numero_inversion.html" server="Produccion_D/prototipo/" local="3448637974" remote="318763443841534486" Dst="-1" /><file name="aplica_aper_incremento_invertir_nuevo_plazo.html" server="Produccion_D/prototipo/" local="3448637981" remote="318763443841534493" Dst="-1" /></dwsync>